transaction_id,date,outflow_ils,inflow_ils,memo,fingerprint,payee_options,category_options,payee_selected,category_selected,match_status,update_map
txn_752014847d55ab53,2024-07-29,0.0,10.0,לימונדה טעימה12-799-0  שרון שעיבי:הפועלים-ביט העברה מאת,שרון שעיבי,,,,,none,
txn_4e823d014732cca8,2026-01-07,70.0,0.0,ב-עיצוב שיער ישראל0849- בכרטיס המסתיים ב17:17  07/01/26 כרטיס דביט מתאריך,עיצוב שיער ישראל,Haircut; Hair styling israel; Israel et Lola; Hair Emil,Clothing; Clothing; Clothing; Clothing,,,ambiguous,
txn_5b1ba4310ef2cefd,2025-12-10,125.0,0.0,ב-אור ראשון0740- בכרטיס המסתיים ב14:15  10/12/25 כרטיס דביט מתאריך,אור ראשון,Or Rishon,House and stuff,Or Rishon,House and stuff,unique,
txn_1eebc27e989ab858,2026-02-12,45.0,0.0,LIME*PASS JBY5         WWW.LI.ME     US- ב0849- בכרטיס המסתיים ב09:00  12/02/26 כרטיס דביט מתאריך,lime pass jby5 li me,,,,,none,
txn_c17950b327454640,2025-12-22,18.9,0.0,ב-אלונית בית יהושוע0740- בכרטיס המסתיים ב09:45  22/12/25 כרטיס דביט מתאריך,אלונית,Gas Food; Alonit; Alonit; Alonit; Gas Food,🛍️Groceries; Opher food; Going out and restaurants; Vacation 2024 4000; Opher food,,,ambiguous,
txn_0c9b2df64c6ada5f,2026-01-20,2058.0,0.0,מס הכנסה עצמ-י,מס הכנסה,Income tax; Income tax; Bank leumi; Income tax; Income tax; Tax refund; Taxes; Taxes,Pilates; Unplanned extra expense; Bank Interest & Fees; Investment income and expenses; Ready to Assign; Unplanned extra expense; Investment income and expenses; Pilates,,,ambiguous,
txn_a4816a7ecd13e0fb,2026-01-31,47.8,0.0,ב-אלונית - נען מערב0849- בכרטיס המסתיים ב23:09  31/01/26 כרטיס דביט מתאריך,אלונית,Gas Food; Alonit; Alonit; Alonit; Gas Food,🛍️Groceries; Opher food; Going out and restaurants; Vacation 2024 4000; Opher food,,,ambiguous,
txn_39f5cc4ec30f8018,2026-02-16,0.0,180.0,החזר נסיעות מפולברייט12-799-0  ענת לפידות פיר:הפועלים-ביט העברה מאת,ענת לפידות פיר,,,,,none,
txn_721cdc7789603362,2025-12-08,29.26,0.0,ב-סלסלות יום טוב0849- בכרטיס המסתיים ב19:16  08/12/25 כרטיס דביט מתאריך,סלסלות יום טו,,,,,none,
txn_1ec8f8cb83e4a1bc,2025-07-28,29.07,0.0,DZZD ROZINA - 2        VARNA         BG- ב0740- בכרטיס המסתיים ב16:12  28/07/25 כרטיס דביט מתאריך,dzzd rozina varna,,,,,none,
txn_fd8406db9ee2df01,2025-12-21,211.0,0.0,ב-הדבשת0740- בכרטיס המסתיים ב13:06  21/12/25 כרטיס דביט מתאריך,הדבשת,Hadaveshet; Hadaveshet,Birthdays; Going out and restaurants,,,ambiguous,
txn_077c89e5260dd217,2025-12-15,12.0,0.0,GETT- ב0849- בכרטיס המסתיים ב15:46  15/12/25 כרטיס דביט מתאריך,gett,Gett,Transportation,Gett,Transportation,unique,
txn_7a6095c83f411237,2026-01-21,99.8,0.0,ב-מרכז הלבשה0740- בכרטיס המסתיים ב14:11  21/01/26 כרטיס דביט מתאריך,מרכז הלבשה,Merkaz Hahalbasha; Subject; Present,Clothing; University; Gifts,,,ambiguous,
txn_c2caa203b641ddaa,2024-07-23,0.0,4.0,לימונדה12-799-0  שגיא שוורץ:הפועלים-ביט העברה מאת,שגיא שוורץ,,,,,none,
txn_7a76010d41b67e8e,2026-02-07,34.0,0.0,"מ גולדה בעמ. ב-י0849- בכרטיס המסתיים ב09:56  07/02/26 ""כרטיס דביט מתאריך",גולדה,Golda; Golda Ice cream; Golda Ice cream; Golda; Golda Ice cream; Golda Tel Aviv,Going out and restaurants; Going out and restaurants; 🛍️Groceries; 🛍️Groceries; Bat Mitzvah 17000; Going out and restaurants,,,ambiguous,
txn_c021a7b69682bbbb,2026-02-05,170.0,0.0,ב-הירקניה שלי0740- בכרטיס המסתיים ב13:50  05/02/26 כרטיס דביט מתאריך,הירקניה שלי,Vegetable Sheli; The yarkanya; Beit Hapaham,🛍️Groceries; 🛍️Groceries; 🛍️Groceries,,,ambiguous,
txn_bb6267be10a897f4,2026-02-10,1150.69,0.0,אלטשולר שחם-י,אלטשולר שחם,Altshuler Shaham; Excellence,Pilates; Pilates,,,ambiguous,
txn_6d8f257169276d19,2026-02-12,17.0,0.0,ב-אילנס רכבת באר שבע צפון0849- בכרטיס המסתיים ב07:25  12/02/26 כרטיס דביט מתאריך,אילנס,Train food; Train food; Ilans; Oren Meshi Bakery; Train food,Going out and restaurants; Opher food; Going out and restaurants; 🛍️Groceries; 🛍️Groceries,,,ambiguous,
txn_8e492a854ce9fe87,2025-05-10,25.0,0.0,BIT- ב0740- בכרטיס המסתיים ב22:48  10/05/25 כרטיס דביט מתאריך,bit,Shira Yahav; Subject payment; Subject; Bit; Bit; Mark driving instructor; Voice lessons; Oded Dog Trainer; Bit; Bit fees; Hava; Lychee; Math tutoring Mikael; Present; Tal Sabach; Yam Guvrin; Yam Guvrin; Adrian Sports Trainer; Asaf Bril; Avishai Gilad; Bake sale; Ben Shofan Trainer; Bialik; Birthday gift; Bit; Bit; Dates; David Broza; Earrings; Efrat Taig; Eilat; Fruits; Gift Mikael teacher; Gift to Sayarut teachers; Gift to teacher; Hadas Yaara Birthday; Harel Aikido; Hava; Hilla; Itai Cohen; Italy Concert; Juggling Jerusalem; Luka food; Maayan Shachar; Malabi; Malka Mayan Ben Ari; Maya Meirav; Maya photographer; Meir Halachmi Woodworking; Merkaz Hahalbasha; Mika Airbnb Yodfat; Mikael; Mikael; Mikael Italy; Mike Feinberg; Music museum Jerusalem; Naama Himob Consult; Nofshon Yiron; Park Hasofrim Market; Pilates marketing; Pizza; Pizza Capoiera; Pizza Hatahana; Rehovot apartment; Roee seminar; Salon Table; Sayarut food; Shai Aikido; Strawberries; Supermarket; Tania Massage; Tunisian sandwhich; Vaad Horim; Vegetables Chen; Yarden Mom; Yehuda Computer repair; Yoga,Chugim parents; University; University; Unexplained expenses; Unplanned extra expense; Mikael teenager 20000; Chugim; Pets; Pilates; Pilates; Loans and transfers; 🛍️Groceries; Chugim; Gifts; Going out and restaurants; Ishai; Yaara; Chugim parents; Going out and restaurants; House and stuff; Pocket money; Chugim parents; Going out and restaurants; Gifts; Bank Interest & Fees; 🛍️Groceries; 🛍️Groceries; Going out and restaurants; Clothing; Danielle; House and stuff; 🛍️Groceries; Gifts; Gifts; Gifts; Gifts; Aikido; Vacation 2024 4000; Clothing; Clothing; Mikael; Summer 2024 8000; Pets; Gifts; Ishai; Investment income and expenses; Summer 2024 8000; Bat Mitzvah 17000; House and stuff; Clothing; Aikido; Mikael; 🛍️Groceries; Mikael; 🛍️Groceries; Summer 2024 8000; Pilates; Summer 2025; Ishai; Pilates; Going out and restaurants; Chugim; Going out and restaurants; Loans and transfers; Aikido; House and stuff; Chugim; Aikido; 🛍️Groceries; Summer 2025; Medical; Going out and restaurants; School 2500 Dec; 🛍️Groceries; Mikael; Unplanned extra expense; Chugim,,,ambiguous,
txn_e016f53d4a00055c,2024-07-23,0.0,5.0,לימונדה12-799-0  שיר דישבק:הפועלים-ביט העברה מאת,שיר דישבק,,,,,none,
txn_9bd4228dd373b3fb,2024-02-09,35.0,0.0,ב-חוות רימון0740- בכרטיס המסתיים ב14:59  09/02/24 כרטיס דביט מתאריך,חוות רימון,Havat Rimon; Havat Rimon Food,🛍️Groceries; Going out and restaurants,,,ambiguous,
txn_1275d20674844743,2024-07-03,0.0,5.0,עוגיה12-799-0  עמית פינקל:הפועלים-ביט העברה מאת,עמית פינקל,,,,,none,
txn_db44ac720bf6a2c1,2025-02-10,291.0,0.0,שטיינברג-י,שטיינברג,,,,,none,
txn_92a47023076ea7d6,2026-01-11,1845.67,0.0,פרעון הלוואה,פרעון הלוואה,"Loan Pilates; Transfer : Loan Leumi 45,000 06_2022",Pilates; Investment income and expenses,,,ambiguous,
txn_fd78692263618e1d,2025-12-12,18.0,0.0,ב-מצפור פארק החורשות0849- בכרטיס המסתיים ב15:47  12/12/25 כרטיס דביט מתאריך,מצפור פארק החורשות,,,,,none,
txn_090f8ab0ed8fad13,2025-12-31,82.0,0.0,ב-דיל הר בוקר0849- בכרטיס המסתיים ב18:32  31/12/25 כרטיס דביט מתאריך,שופרסל,Supersal; Supersal Deal,🛍️Groceries; 🛍️Groceries,,,ambiguous,
txn_54dc84f0d10e8d38,2024-11-20,255.65,0.0,מבואות באר שבע/YELLOW ב-פז0849- בכרטיס המסתיים ב23:25  20/11/24 כרטיס דביט מתאריך,yellow,Yellow; Paz; Gas Food; Gas; Gas; Gas Food; Paz; Paz; Yellow,Gas; Gas; 🛍️Groceries; Gas; Summer 2025; Summer 2025; Bat Mitzvah 17000; Vacation 2024 4000; 🛍️Groceries,,,ambiguous,
txn_b72e0c28ba4b9a1e,2025-12-30,50.0,0.0,ב-קפה רגע0849- בכרטיס המסתיים ב16:42  30/12/25 כרטיס דביט מתאריך,קפה רגע,Cafe Rega; Cafe Rega,Going out and restaurants; Opher food,,,ambiguous,
txn_316ecc08d8ff06bb,2024-07-03,0.0,10.0,לימונדה12-799-0  סער אברהמי:הפועלים-ביט העברה מאת,סער אברהמי,,,,,none,
txn_54ace993eae496f9,2026-01-28,60.0,0.0,ב-הירקניה שלי0740- בכרטיס המסתיים ב11:21  28/01/26 כרטיס דביט מתאריך,הירקניה שלי,Vegetable Sheli; The yarkanya; Beit Hapaham,🛍️Groceries; 🛍️Groceries; 🛍️Groceries,,,ambiguous,
txn_a92ac51582d60e12,2026-02-09,13.0,0.0,"ב-צ'ופצ'יק קפה בעמ0740- בכרטיס המסתיים ב12:28  09/02/26 ""כרטיס דביט מתאריך",ופצ יק קפה,Chupchik Coffee,Going out and restaurants,Chupchik Coffee,Going out and restaurants,unique,
txn_c99b887ead595bcf,2025-07-05,9.66,0.0,"בנהפBIT  ב-העברה ב0740- בכרטיס המסתיים ב07:14  05/07/25 ""כרטיס דביט מתאריך",bit,Shira Yahav; Subject payment; Subject; Bit; Bit; Mark driving instructor; Voice lessons; Oded Dog Trainer; Bit; Bit fees; Hava; Lychee; Math tutoring Mikael; Present; Tal Sabach; Yam Guvrin; Yam Guvrin; Adrian Sports Trainer; Asaf Bril; Avishai Gilad; Bake sale; Ben Shofan Trainer; Bialik; Birthday gift; Bit; Bit; Dates; David Broza; Earrings; Efrat Taig; Eilat; Fruits; Gift Mikael teacher; Gift to Sayarut teachers; Gift to teacher; Hadas Yaara Birthday; Harel Aikido; Hava; Hilla; Itai Cohen; Italy Concert; Juggling Jerusalem; Luka food; Maayan Shachar; Malabi; Malka Mayan Ben Ari; Maya Meirav; Maya photographer; Meir Halachmi Woodworking; Merkaz Hahalbasha; Mika Airbnb Yodfat; Mikael; Mikael; Mikael Italy; Mike Feinberg; Music museum Jerusalem; Naama Himob Consult; Nofshon Yiron; Park Hasofrim Market; Pilates marketing; Pizza; Pizza Capoiera; Pizza Hatahana; Rehovot apartment; Roee seminar; Salon Table; Sayarut food; Shai Aikido; Strawberries; Supermarket; Tania Massage; Tunisian sandwhich; Vaad Horim; Vegetables Chen; Yarden Mom; Yehuda Computer repair; Yoga,Chugim parents; University; University; Unexplained expenses; Unplanned extra expense; Mikael teenager 20000; Chugim; Pets; Pilates; Pilates; Loans and transfers; 🛍️Groceries; Chugim; Gifts; Going out and restaurants; Ishai; Yaara; Chugim parents; Going out and restaurants; House and stuff; Pocket money; Chugim parents; Going out and restaurants; Gifts; Bank Interest & Fees; 🛍️Groceries; 🛍️Groceries; Going out and restaurants; Clothing; Danielle; House and stuff; 🛍️Groceries; Gifts; Gifts; Gifts; Gifts; Aikido; Vacation 2024 4000; Clothing; Clothing; Mikael; Summer 2024 8000; Pets; Gifts; Ishai; Investment income and expenses; Summer 2024 8000; Bat Mitzvah 17000; House and stuff; Clothing; Aikido; Mikael; 🛍️Groceries; Mikael; 🛍️Groceries; Summer 2024 8000; Pilates; Summer 2025; Ishai; Pilates; Going out and restaurants; Chugim; Going out and restaurants; Loans and transfers; Aikido; House and stuff; Chugim; Aikido; 🛍️Groceries; Summer 2025; Medical; Going out and restaurants; School 2500 Dec; 🛍️Groceries; Mikael; Unplanned extra expense; Chugim,,,ambiguous,
txn_c2f3601a8abd7a5f,2026-01-14,222.0,0.0,ב-מור מכון למידע רפואי בעמ0849- בכרטיס המסתיים ב08:15  14/01/26 כרטיס דביט מתאריך,מור מכון למידע רפואי,,,,,none,
txn_83853fd92c6bb8d7,2024-02-11,291.0,0.0,שטיינברג-י,שטיינברג,,,,,none,
txn_a232c6268b5aa9ed,2026-01-30,88.4,0.0,ב-צומת ספרים באר שבע0849- בכרטיס המסתיים ב09:21  30/01/26 כרטיס דביט מתאריך,צומת ספרים,Tsomet Sfarim; Tzomet Sfarim; Tsomet Sfarim; Tzomet Sfarim; Tzomet Sfarim Jerusalem,House and stuff; House and stuff; Birthdays; Gifts; House and stuff,,,ambiguous,
txn_e11a123f597b29f2,2025-12-25,200.0,0.0,ב-ארומה אוניבסריסטת בן גורי0849- בכרטיס המסתיים ב08:52  25/12/25 כרטיס דביט מתאריך,ארומה,Aroma; Aroma; Aroma Dizengoff Center; Campus Food; Aroma Ashdod; Stopper Locks; Tulitul Bakery,Opher food; Going out and restaurants; Going out and restaurants; Opher food; Going out and restaurants; Unplanned extra expense; Going out and restaurants,,,ambiguous,
txn_df2db41bf858478d,2026-02-18,18.0,0.0,ב-פינת האופה רמות0849- בכרטיס המסתיים ב16:53  18/02/26 כרטיס דביט מתאריך,פינת האופה רמות,Pinat Haofe,Going out and restaurants,Pinat Haofe,Going out and restaurants,unique,
txn_e4c0639e6f794840,2025-12-29,17.0,0.0,ב-בן וקנין0849- בכרטיס המסתיים ב14:55  29/12/25 כרטיס דביט מתאריך,בן וקנין,,,,,none,
txn_62eab703889b9956,2026-01-11,1150.69,0.0,אלטשולר שחם-י,אלטשולר שחם,Altshuler Shaham; Excellence,Pilates; Pilates,,,ambiguous,
txn_5ac7f4fa42b1c3cd,2025-10-21,0.0,10000.0,"10-678-022523701 , עופר דונחין:העברה עצמית העברה מאת",עופר דונחין,Transfer : Pilates Leumi; Transfer : Investments,Pilates; Investment income and expenses,,,ambiguous,
txn_1b2d4d72ee9b699e,2026-01-27,30.0,0.0,SPAREEAT- ב0740- בכרטיס המסתיים ב20:07  27/01/26 כרטיס דביט מתאריך,spareeat,,,,,none,
txn_1d6d3d89883cefa6,2025-10-10,291.0,0.0,שטיינברג-י,שטיינברג,,,,,none,
txn_d3487110814036e6,2025-09-10,291.0,0.0,שטיינברג-י,שטיינברג,,,,,none,
txn_a4873fa1344b2fe9,2025-12-25,187.8,0.0,ב)  ב-טאיו - סופרמרקט אסיאתי0849- בכרטיס המסתיים ב17:28  25/12/25 כרטיס דביט מתאריך,טאיו סופרמרקט אסיאתי,Tayo,🛍️Groceries,Tayo,🛍️Groceries,unique,
txn_a7169e0a9d55ea18,2026-02-08,69.9,0.0,מקס איט פיננ-י,מקס איט פיננ,Transfer : Opher x9922,,Transfer : Opher x9922,,unique,
txn_fabf542457d55fe6,2024-07-23,0.0,8.0,לימונדה12-799-0  אביגיל שומן:הפועלים-ביט העברה מאת,אביגיל שומן,,,,,none,
txn_99e20e61606077b6,2026-01-02,94.0,0.0,"ב-סטימצקי בית בש0849- בכרטיס המסתיים ב11:51  02/01/26 ""כרטיס דביט מתאריך",סטימצקי בית,Steimatzky; Steimatzky,Gifts; House and stuff,,,ambiguous,
txn_ca758534451dff6e,2026-01-14,12.0,0.0,ב-סברינה0849- בכרטיס המסתיים ב08:08  14/01/26 כרטיס דביט מתאריך,סברינה,,,,,none,
txn_28a7d4c223bf01c4,2026-01-21,21.95,0.0,ב-מאפית אורן משי באר שבע0849- בכרטיס המסתיים ב19:33  21/01/26 כרטיס דביט מתאריך,מאפית אורן משי,Oren Meshi Bakery; Train food; Oren Meshi Bakery; Oren Meshi Bakery; Oren Meshi Bakery,🛍️Groceries; Going out and restaurants; Bat Mitzvah 17000; Opher food; Summer 2025,,,ambiguous,
txn_eeea45f61bbfa585,2026-01-09,1074.14,0.0,ב-סאלח דבאח ובניו בעמ0849- בכרטיס המסתיים ב10:28  09/01/26 כרטיס דביט מתאריך,סאלח דבאח ובניו,Dabbah; Dabah; Dabah; Dabbah,🛍️Groceries; 🛍️Groceries; Gifts; Mikael,,,ambiguous,
txn_bcbb05522de49f72,2024-07-23,0.0,20.0,BIT  העברת כספים12-799-0  לירון פרג:הפועלים-ביט העברה מאת,לירון פרג,,,,,none,
txn_076c9b1f57286836,2024-05-14,18.25,0.0,DUTY FREE MARKET- ב0849- בכרטיס המסתיים ב02:31  14/05/24 כרטיס דביט מתאריך,duty free,Duty free; Duty free; Duty free books,Bulgaria July 2025; Gifts; Bulgaria July 2025,,,ambiguous,
txn_1eb49872a83a07f9,2025-12-10,10587.5,0.0,מקס איט פיננ-י,מקס איט פיננ,Transfer : Opher x9922,,Transfer : Opher x9922,,unique,
txn_69648250c8a934d9,2025-12-05,57.8,0.0,ב)  ב-טאיו - סופרמרקט אסיאתי0849- בכרטיס המסתיים ב11:18  05/12/25 כרטיס דביט מתאריך,טאיו סופרמרקט אסיאתי,Tayo,🛍️Groceries,Tayo,🛍️Groceries,unique,
txn_ae02a99d7106d2e6,2025-12-24,121.9,0.0,"בעמ97  ב-מפעלי אלן0740- בכרטיס המסתיים ב10:39  24/12/25 ""כרטיס דביט מתאריך",מפעלי אלן,Allen car test; Allen car test,Mazda registration 1500 Dec; Hyundai registration 1500 May,,,ambiguous,
txn_e4213b672990e169,2025-12-14,24.8,0.0,בעיר7  ב-רשת0849- בכרטיס המסתיים ב22:19  14/12/25 כרטיס דביט מתאריך,בעיר7 רשת,Minimarket 7 BaIr; Kvutzat Hahim; Minimarket 7 BaIr; Rami Levi,🛍️Groceries; 🛍️Groceries; Aikido; 🛍️Groceries,,,ambiguous,
txn_5b73f9ca9858cbb2,2024-07-04,0.0,5.0,BIT  העברת כספים12-799-0  אמיר אבני:הפועלים-ביט העברה מאת,אמיר אבני,,,,,none,
txn_1fc72abc433cab8f,2026-01-08,426.0,0.0,ב-סופר פארם מצדה באר שבע0740- בכרטיס המסתיים ב15:38  08/01/26 כרטיס דביט מתאריך,סופרפארם,Superpharm; Superpharm; Superfarm; Superpharm; Superpharm,House and stuff; Medical; Medical; Birthdays; Opher food,,,ambiguous,
txn_920a4163ba2c8863,2024-07-04,0.0,5.0,עוגיה12-799-0  מיכאל גולוב:הפועלים-ביט העברה מאת,מיכאל גולוב,,,,,none,
txn_e1f38799bb1e90a5,2024-07-03,0.0,10.0,לימונדה ןעוגיות12-799-0  מתן מועלם:הפועלים-ביט העברה מאת,מתן מועלם,,,,,none,
txn_20d5e759eef1ef4a,2024-10-15,0.0,1834.15,העברה לפיגור,לפיגור,,,,,none,
txn_25c02e3d2aae0dfe,2026-02-01,25.0,0.0,מסלול מורחב,מסלול מורחב,Bank leumi; Airport Parking; Rav pas,Bank Interest & Fees; Transportation; Transportation,,,ambiguous,
txn_fbdacbae5c150ffc,2026-01-29,350.0,0.0,הנחת דברים10-843-002867327  שירה יהב גרנ:העברה דיגיטל העברה אל,שירה יהב גרנ,Shira Yahav,Chugim parents,Shira Yahav,Chugim parents,unique,
txn_da9d421260ad3f5b,2025-12-18,9.0,0.0,א מכונות אוטומטיות. ב-מ0740- בכרטיס המסתיים ב13:26  18/12/25 כרטיס דביט מתאריך,מכונות אוטומטיות,Food machine; Train food; Goomba; Rav pas; Roasters; Train food; Tulitul Bakery,🛍️Groceries; 🛍️Groceries; Going out and restaurants; Transportation; Opher food; Opher food; Going out and restaurants,,,ambiguous,
txn_6a9f2537ee1e11e7,2026-01-08,29.0,0.0,ב-פלד יבוא ושיווק0849- בכרטיס המסתיים ב14:05  08/01/26 כרטיס דביט מתאריך,פלד יבוא ושיווק,,,,,none,
txn_9e782b5b8ab880e1,2024-07-04,0.0,5.0,עוגיה12-799-0  שני שורץ:הפועלים-ביט העברה מאת,שני שורץ,,,,,none,
txn_1aa0c653f7d17cd9,2025-12-25,350.0,0.0,סערת רגשות10-843-002867327  שירה יהב גרנ:העברה דיגיטל העברה אל,שירה יהב גרנ,Shira Yahav,Chugim parents,Shira Yahav,Chugim parents,unique,
txn_2311ec1480929abb,2025-06-13,0.0,712.0,בארשבע. אונ12-177-000006501 בן גוריו. א:אוניברסיטת ב-י העברה מאת,אוניברסיטת,BGU,University,BGU,University,unique,
txn_9800f32dc165bdb8,2024-02-11,299.14,0.0,ב-פספורטכארד ישראל סוכנות ל0740- בכרטיס המסתיים ב14:04  11/02/24 כרטיס דביט מתאריך,פספורטכארד ישראל סוכנות,Passport card insurance; Passport card insurance,Bat Mitzvah 17000; Mikael,,,ambiguous,
txn_d5beb79c1e9ad70c,2024-07-11,0.0,12.0,עוגיות12-799-0  יעל נאור:הפועלים-ביט העברה מאת,יעל נאור,,,,,none,
txn_ea6415a05cf8a130,2026-01-29,0.0,50.0,שיעור ניסיון אייקידו12-799-0  מידן קפלן:הפועלים-ביט העברה מאת,מידן קפלן,,,,,none,
txn_96f60c68591fd83e,2025-12-29,418.18,0.0,ב-סאלח דבאח ובניו בעמ0849- בכרטיס המסתיים ב19:40  29/12/25 כרטיס דביט מתאריך,סאלח דבאח ובניו,Dabbah; Dabah; Dabah; Dabbah,🛍️Groceries; 🛍️Groceries; Gifts; Mikael,,,ambiguous,
txn_98b7d15693c8aa3b,2024-10-28,322.0,0.0,ב-פיצה אלמה0740- בכרטיס המסתיים ב17:49  28/10/24 כרטיס דביט מתאריך,פיצה אלמה,Pizza Alma,Going out and restaurants,Pizza Alma,Going out and restaurants,unique,
txn_47bbdabdae539eda,2025-12-15,47.0,0.0,/  ב-רכבת ישראל-באר שבע צפון0849- בכרטיס המסתיים ב13:50  15/12/25 כרטיס דביט מתאריך,רכבת ישראל,train; train; Rav pas; train,Transportation; Bulgaria July 2025; Transportation; Birthdays,,,ambiguous,
txn_fc4c36cac2de148d,2026-02-10,191.41,0.0,"שירי בעמ.א. ב-ש0740- בכרטיס המסתיים ב13:03  10/02/26 ""כרטיס דביט מתאריך",שירי,Shiri,🛍️Groceries,Shiri,🛍️Groceries,unique,
txn_39b69e5cd87b4549,2024-02-18,45.66,0.0,ב-קרביץ ישראל0849- בכרטיס המסתיים ב13:23  18/02/24 כרטיס דביט מתאריך,קרביץ ישראל,Kravitz; Kravitz; Campus Food; Kravitz; Kravitz,House and stuff; Opher food; Opher food; University; 🛍️Groceries,,,ambiguous,
txn_a870335449db87ab,2025-01-22,25.0,0.0,ב-ארומה אוניבסריסטת בן גורי0849- בכרטיס המסתיים ב12:42  22/01/25 כרטיס דביט מתאריך,ארומה,Aroma; Aroma; Aroma Dizengoff Center; Campus Food; Aroma Ashdod; Stopper Locks; Tulitul Bakery,Opher food; Going out and restaurants; Going out and restaurants; Opher food; Going out and restaurants; Unplanned extra expense; Going out and restaurants,,,ambiguous,
txn_6eb31ced06873b45,2024-05-03,0.0,250.0,אייקידו עבור מאי12-799-0  תומר אליהו:הפועלים-ביט העברה מאת,תומר אליהו,Isshin Aikido,Aikido,Isshin Aikido,Aikido,unique,
txn_fa84e9f196170164,2025-12-05,9.0,0.0,ב-סאלח דבאח ובניו בעמ0849- בכרטיס המסתיים ב10:08  05/12/25 כרטיס דביט מתאריך,סאלח דבאח ובניו,Dabbah; Dabah; Dabah; Dabbah,🛍️Groceries; 🛍️Groceries; Gifts; Mikael,,,ambiguous,
txn_025dad33c445152a,2025-03-27,285.42,0.0,PAYPAL *TAMPAAIKIDO    4029357733    LU- ב0849- בכרטיס המסתיים ב17:25  27/03/25 כרטיס דביט מתאריך,paypal tampaaikido lu,,,,,none,
txn_2f6ad249b983de73,2025-12-06,359.58,0.0,ב-פוקס ביג באר שבע0740- בכרטיס המסתיים ב19:22  06/12/25 כרטיס דביט מתאריך,פוקס,Fox; Fox Home,Clothing; Loans and transfers,,,ambiguous,
txn_d35a282464bd2565,2024-06-13,4670.0,0.0,"ג קרנית בעמ. ב-ש0740- בכרטיס המסתיים ב13:52  13/06/24 ""כרטיס דביט מתאריך",קרנית,,,,,none,
txn_3f7a14fb0b0464f5,2025-06-16,94.0,0.0,"כולל סטור בע""מ",כולל סטור,Super kolel; Market,🛍️Groceries; 🛍️Groceries,,,ambiguous,
txn_c1fc0ae384b3f309,2025-11-30,20.0,0.0,פטור והנחה מדמי כרטיס | החזר מדמי כרטיס,פטור והנחה מדמי החזר מדמי,,,,,none,
txn_2a31e319a0566cc7,2025-09-05,500.5,0.0,ג'אפן ג'אפן הגבעה הצרפתית,אפן אפן הגבעה הצרפתית,Japan Japan Jerusalem,Going out and restaurants,Japan Japan Jerusalem,Going out and restaurants,unique,
txn_c0ff327fc8090da1,2025-08-16,371.5,0.0,סופר פארם משחררים,סופרפארם,Superpharm; Superpharm; Superfarm; Superpharm; Superpharm,House and stuff; Medical; Medical; Birthdays; Opher food,,,ambiguous,
txn_e29c28173e32fcb6,2025-10-23,584.0,0.0,פנדורה,פנדורה,Pandora,Birthdays,Pandora,Birthdays,unique,
txn_16c1e6a35ffa454d,2026-01-30,83.0,0.0,הירקניה שלי,הירקניה שלי,Vegetable Sheli; The yarkanya; Beit Hapaham,🛍️Groceries; 🛍️Groceries; 🛍️Groceries,,,ambiguous,
txn_a784c2b32c36800e,2025-12-31,400.0,0.0,"העברה ב BIT בנה""פ | למי: אמיר לובקר",bit,Shira Yahav; Subject payment; Subject; Bit; Bit; Mark driving instructor; Voice lessons; Oded Dog Trainer; Bit; Bit fees; Hava; Lychee; Math tutoring Mikael; Present; Tal Sabach; Yam Guvrin; Yam Guvrin; Adrian Sports Trainer; Asaf Bril; Avishai Gilad; Bake sale; Ben Shofan Trainer; Bialik; Birthday gift; Bit; Bit; Dates; David Broza; Earrings; Efrat Taig; Eilat; Fruits; Gift Mikael teacher; Gift to Sayarut teachers; Gift to teacher; Hadas Yaara Birthday; Harel Aikido; Hava; Hilla; Itai Cohen; Italy Concert; Juggling Jerusalem; Luka food; Maayan Shachar; Malabi; Malka Mayan Ben Ari; Maya Meirav; Maya photographer; Meir Halachmi Woodworking; Merkaz Hahalbasha; Mika Airbnb Yodfat; Mikael; Mikael; Mikael Italy; Mike Feinberg; Music museum Jerusalem; Naama Himob Consult; Nofshon Yiron; Park Hasofrim Market; Pilates marketing; Pizza; Pizza Capoiera; Pizza Hatahana; Rehovot apartment; Roee seminar; Salon Table; Sayarut food; Shai Aikido; Strawberries; Supermarket; Tania Massage; Tunisian sandwhich; Vaad Horim; Vegetables Chen; Yarden Mom; Yehuda Computer repair; Yoga,Chugim parents; University; University; Unexplained expenses; Unplanned extra expense; Mikael teenager 20000; Chugim; Pets; Pilates; Pilates; Loans and transfers; 🛍️Groceries; Chugim; Gifts; Going out and restaurants; Ishai; Yaara; Chugim parents; Going out and restaurants; House and stuff; Pocket money; Chugim parents; Going out and restaurants; Gifts; Bank Interest & Fees; 🛍️Groceries; 🛍️Groceries; Going out and restaurants; Clothing; Danielle; House and stuff; 🛍️Groceries; Gifts; Gifts; Gifts; Gifts; Aikido; Vacation 2024 4000; Clothing; Clothing; Mikael; Summer 2024 8000; Pets; Gifts; Ishai; Investment income and expenses; Summer 2024 8000; Bat Mitzvah 17000; House and stuff; Clothing; Aikido; Mikael; 🛍️Groceries; Mikael; 🛍️Groceries; Summer 2024 8000; Pilates; Summer 2025; Ishai; Pilates; Going out and restaurants; Chugim; Going out and restaurants; Loans and transfers; Aikido; House and stuff; Chugim; Aikido; 🛍️Groceries; Summer 2025; Medical; Going out and restaurants; School 2500 Dec; 🛍️Groceries; Mikael; Unplanned extra expense; Chugim,,,ambiguous,
txn_9ae057284f4e9ad9,2025-12-31,150.0,0.0,אופני אדם וחוה,אופני אדם וחוה,Adam And Hava Bikes,House and stuff,Adam And Hava Bikes,House and stuff,unique,
txn_a226d022abe0badb,2025-10-10,10.0,0.0,האיש והעגלה,האיש והעגלה,HaIsh VeHaAgala Tzivon,Summer 2025,HaIsh VeHaAgala Tzivon,Summer 2025,unique,
txn_e9e7aea88a0fad37,2026-02-02,370.0,0.0,אדריאן דדון | הוראת קבע,אדריאן דדון,Adrian Sports Trainer; Adrian Sports Trainer,Chugim parents; Chugim,,,ambiguous,
txn_790a9202725b5b75,2026-02-06,273.17,0.0,"ש.א.שירי בע""מ",שירי,Shiri,🛍️Groceries,Shiri,🛍️Groceries,unique,
txn_6ca22389da44b5c1,2025-12-23,210.0,0.0,כיוונים- צהרונים/מעונות/ח | הוראת קבע,כיוונים צהרונים מעונות,Kivunim,Chugim,Kivunim,Chugim,unique,
txn_d8aa002dca65ff96,2025-10-09,100.0,0.0,פלמנגו,פלמנגו,Falmango Rosh Pina,Clothing,Falmango Rosh Pina,Clothing,unique,
txn_1840a9e7130b9db3,2025-07-20,13.08,0.0,DUTY FREE SWEETS,duty free,Duty free; Duty free; Duty free books,Bulgaria July 2025; Gifts; Bulgaria July 2025,,,ambiguous,
txn_bd61cada581b3764,2025-08-23,259.62,0.0,סופר פארם מצדה באר שבע,סופרפארם,Superpharm; Superpharm; Superfarm; Superpharm; Superpharm,House and stuff; Medical; Medical; Birthdays; Opher food,,,ambiguous,
txn_f77c542113b38ec9,2025-12-29,418.18,0.0,סאלח דבאח ובניו בעמ,סאלח דבאח ובניו,Dabbah; Dabah; Dabah; Dabbah,🛍️Groceries; 🛍️Groceries; Gifts; Mikael,,,ambiguous,
txn_57997533bcbc1936,2025-10-24,89.0,0.0,"מושב יודפת אחזקות בע""מ",מושב יודפת אחזקות,Bulbs yodfat; Yodfat,House and stuff; Gifts,,,ambiguous,
txn_09484fe0c1f93794,2026-02-06,790.84,0.0,מחסני השוק האורגים ח',מחסני השוק,Machsenei Hashuk; Mahhsaney Hashuk; Machsenei Hashuk; Machsenei Hashuk,🛍️Groceries; 🛍️Groceries; Bat Mitzvah 17000; Loans and transfers,,,ambiguous,
txn_07095910235d2315,2025-12-15,11.9,0.0,אלונית בית יהושוע,אלונית,Gas Food; Alonit; Alonit; Alonit; Gas Food,🛍️Groceries; Opher food; Going out and restaurants; Vacation 2024 4000; Opher food,,,ambiguous,
txn_dd7918e9576b91f2,2026-01-14,760.0,0.0,בית יציב - מעוף,בית יציב,Maof; beit yatziv; Maof,Chugim; Chugim; School 2500 Dec,,,ambiguous,
txn_bb43e170ec7ae3ab,2025-09-13,272.29,0.0,טיב טעם רשתות  באר שבע חד,טיב טעם,Tiv Taam; Tiv Taam; Tiv Taam Karmiel; Tiv Taam,🛍️Groceries; Bat Mitzvah 17000; Summer 2025; Mikael,,,ambiguous,
txn_9e1acbfbc068d685,2025-06-26,25.0,0.0,"העברה ב BIT בנה""פ | למי: יהונתן ישראל",bit,Shira Yahav; Subject payment; Subject; Bit; Bit; Mark driving instructor; Voice lessons; Oded Dog Trainer; Bit; Bit fees; Hava; Lychee; Math tutoring Mikael; Present; Tal Sabach; Yam Guvrin; Yam Guvrin; Adrian Sports Trainer; Asaf Bril; Avishai Gilad; Bake sale; Ben Shofan Trainer; Bialik; Birthday gift; Bit; Bit; Dates; David Broza; Earrings; Efrat Taig; Eilat; Fruits; Gift Mikael teacher; Gift to Sayarut teachers; Gift to teacher; Hadas Yaara Birthday; Harel Aikido; Hava; Hilla; Itai Cohen; Italy Concert; Juggling Jerusalem; Luka food; Maayan Shachar; Malabi; Malka Mayan Ben Ari; Maya Meirav; Maya photographer; Meir Halachmi Woodworking; Merkaz Hahalbasha; Mika Airbnb Yodfat; Mikael; Mikael; Mikael Italy; Mike Feinberg; Music museum Jerusalem; Naama Himob Consult; Nofshon Yiron; Park Hasofrim Market; Pilates marketing; Pizza; Pizza Capoiera; Pizza Hatahana; Rehovot apartment; Roee seminar; Salon Table; Sayarut food; Shai Aikido; Strawberries; Supermarket; Tania Massage; Tunisian sandwhich; Vaad Horim; Vegetables Chen; Yarden Mom; Yehuda Computer repair; Yoga,Chugim parents; University; University; Unexplained expenses; Unplanned extra expense; Mikael teenager 20000; Chugim; Pets; Pilates; Pilates; Loans and transfers; 🛍️Groceries; Chugim; Gifts; Going out and restaurants; Ishai; Yaara; Chugim parents; Going out and restaurants; House and stuff; Pocket money; Chugim parents; Going out and restaurants; Gifts; Bank Interest & Fees; 🛍️Groceries; 🛍️Groceries; Going out and restaurants; Clothing; Danielle; House and stuff; 🛍️Groceries; Gifts; Gifts; Gifts; Gifts; Aikido; Vacation 2024 4000; Clothing; Clothing; Mikael; Summer 2024 8000; Pets; Gifts; Ishai; Investment income and expenses; Summer 2024 8000; Bat Mitzvah 17000; House and stuff; Clothing; Aikido; Mikael; 🛍️Groceries; Mikael; 🛍️Groceries; Summer 2024 8000; Pilates; Summer 2025; Ishai; Pilates; Going out and restaurants; Chugim; Going out and restaurants; Loans and transfers; Aikido; House and stuff; Chugim; Aikido; 🛍️Groceries; Summer 2025; Medical; Going out and restaurants; School 2500 Dec; 🛍️Groceries; Mikael; Unplanned extra expense; Chugim,,,ambiguous,
txn_8b9320ca6392e3a5,2026-01-22,200.0,0.0,ארומה אפליקציה,ארומה,Aroma; Aroma; Aroma Dizengoff Center; Campus Food; Aroma Ashdod; Stopper Locks; Tulitul Bakery,Opher food; Going out and restaurants; Going out and restaurants; Opher food; Going out and restaurants; Unplanned extra expense; Going out and restaurants,,,ambiguous,
txn_37ec25dcd37f09fa,2025-12-11,352.73,0.0,כרמי באר שבע YELLOW / פז,yellow,Yellow; Paz; Gas Food; Gas; Gas; Gas Food; Paz; Paz; Yellow,Gas; Gas; 🛍️Groceries; Gas; Summer 2025; Summer 2025; Bat Mitzvah 17000; Vacation 2024 4000; 🛍️Groceries,,,ambiguous,
txn_5170f50503329b89,2025-06-15,341.9,0.0,פז YELLOW אצטדיון באר שבע,yellow,Yellow; Paz; Gas Food; Gas; Gas; Gas Food; Paz; Paz; Yellow,Gas; Gas; 🛍️Groceries; Gas; Summer 2025; Summer 2025; Bat Mitzvah 17000; Vacation 2024 4000; 🛍️Groceries,,,ambiguous,
txn_3c6565bd66d641b8,2025-07-06,446.0,0.0,BIT | למי: ורדית בארי,bit,Shira Yahav; Subject payment; Subject; Bit; Bit; Mark driving instructor; Voice lessons; Oded Dog Trainer; Bit; Bit fees; Hava; Lychee; Math tutoring Mikael; Present; Tal Sabach; Yam Guvrin; Yam Guvrin; Adrian Sports Trainer; Asaf Bril; Avishai Gilad; Bake sale; Ben Shofan Trainer; Bialik; Birthday gift; Bit; Bit; Dates; David Broza; Earrings; Efrat Taig; Eilat; Fruits; Gift Mikael teacher; Gift to Sayarut teachers; Gift to teacher; Hadas Yaara Birthday; Harel Aikido; Hava; Hilla; Itai Cohen; Italy Concert; Juggling Jerusalem; Luka food; Maayan Shachar; Malabi; Malka Mayan Ben Ari; Maya Meirav; Maya photographer; Meir Halachmi Woodworking; Merkaz Hahalbasha; Mika Airbnb Yodfat; Mikael; Mikael; Mikael Italy; Mike Feinberg; Music museum Jerusalem; Naama Himob Consult; Nofshon Yiron; Park Hasofrim Market; Pilates marketing; Pizza; Pizza Capoiera; Pizza Hatahana; Rehovot apartment; Roee seminar; Salon Table; Sayarut food; Shai Aikido; Strawberries; Supermarket; Tania Massage; Tunisian sandwhich; Vaad Horim; Vegetables Chen; Yarden Mom; Yehuda Computer repair; Yoga,Chugim parents; University; University; Unexplained expenses; Unplanned extra expense; Mikael teenager 20000; Chugim; Pets; Pilates; Pilates; Loans and transfers; 🛍️Groceries; Chugim; Gifts; Going out and restaurants; Ishai; Yaara; Chugim parents; Going out and restaurants; House and stuff; Pocket money; Chugim parents; Going out and restaurants; Gifts; Bank Interest & Fees; 🛍️Groceries; 🛍️Groceries; Going out and restaurants; Clothing; Danielle; House and stuff; 🛍️Groceries; Gifts; Gifts; Gifts; Gifts; Aikido; Vacation 2024 4000; Clothing; Clothing; Mikael; Summer 2024 8000; Pets; Gifts; Ishai; Investment income and expenses; Summer 2024 8000; Bat Mitzvah 17000; House and stuff; Clothing; Aikido; Mikael; 🛍️Groceries; Mikael; 🛍️Groceries; Summer 2024 8000; Pilates; Summer 2025; Ishai; Pilates; Going out and restaurants; Chugim; Going out and restaurants; Loans and transfers; Aikido; House and stuff; Chugim; Aikido; 🛍️Groceries; Summer 2025; Medical; Going out and restaurants; School 2500 Dec; 🛍️Groceries; Mikael; Unplanned extra expense; Chugim,,,ambiguous,
txn_fcf21ce3454048f1,2025-12-10,247.0,0.0,קמח הארץ - נתיב אשכול בעמ,קמח הארץ נתיב אשכול,Flour of the earth; Kemach Haaretz,🛍️Groceries; 🛍️Groceries,,,ambiguous,
txn_d3578ec51b832db5,2025-07-20,24.67,0.0,מגדל חיים/בריאות | הוראת קבע,מגדל חיים בריאות,,,,,none,
txn_4e724c3622a2273a,2025-08-22,32.0,0.0,סביח טשרניחובסקי,סביח טשרניחובסקי,Elo Deals Mizrahi; Sabih Tshernichovsky Tel Aviv,House and stuff; Going out and restaurants,,,ambiguous,
txn_4c1e587b44ee621c,2025-06-29,200.0,0.0,או לה לה אונליין,או לה לה אונליין,Oh la la,Gifts,Oh la la,Gifts,unique,
txn_5acf865fb922eff1,2025-10-21,335.33,0.0,פז YELLOW אצטדיון באר שבע,yellow,Yellow; Paz; Gas Food; Gas; Gas; Gas Food; Paz; Paz; Yellow,Gas; Gas; 🛍️Groceries; Gas; Summer 2025; Summer 2025; Bat Mitzvah 17000; Vacation 2024 4000; 🛍️Groceries,,,ambiguous,
txn_27db1be5233b2ad0,2025-09-02,111.84,0.0,"ש.א.שירי בע""מ",שירי,Shiri,🛍️Groceries,Shiri,🛍️Groceries,unique,
txn_a7f6e14506fb20b1,2026-01-19,42.2,0.0,סופר פארם משחררים,סופרפארם,Superpharm; Superpharm; Superfarm; Superpharm; Superpharm,House and stuff; Medical; Medical; Birthdays; Opher food,,,ambiguous,
txn_05292464aafba7da,2025-08-02,707.19,0.0,"מי שבע בע""מ",מי,Mei Sheva,Water,Mei Sheva,Water,unique,
txn_b7d49de75a2946a5,2026-02-14,19.8,0.0,רמי לוי מנחם בגין ג.שמואל,רמי לוי מנחם בגין שמואל,,,,,none,
txn_1cbe0a8ed3bcf350,2025-08-02,454.98,0.0,צומת ספרים באר שבע,צומת ספרים,Tsomet Sfarim; Tzomet Sfarim; Tsomet Sfarim; Tzomet Sfarim; Tzomet Sfarim Jerusalem,House and stuff; House and stuff; Birthdays; Gifts; House and stuff,,,ambiguous,
txn_34aa6a184d99c362,2026-01-15,279.8,0.0,"גרנד ב""ש MG",גרנד mg,,,,,none,
txn_035c241d16fc7db3,2025-10-04,77.4,0.0,טיב טעם רשתות  באר שבע חד,טיב טעם,Tiv Taam; Tiv Taam; Tiv Taam Karmiel; Tiv Taam,🛍️Groceries; Bat Mitzvah 17000; Summer 2025; Mikael,,,ambiguous,
txn_7ac097579328e243,2026-02-01,169.0,0.0,"אייקון ב""ש - הו""ק | הוראת קבע",אייקון,Icon,Chugim parents,Icon,Chugim parents,unique,
txn_d75b51c31849b83d,2025-12-28,368.0,0.0,"באג עזריאלי ת""א",באג עזריאלי,,,,,none,
txn_c369833cff91e2ff,2025-08-20,57.0,0.0,ג'וני קריספי מרכז הנגב הב,וני קריספי מרכז הנגב הב,,,,,none,
txn_9c50363a08359be3,2025-06-04,8.0,0.0,מ.תחבורה- רב-פס,תחבורה רב פס,Rav pas; Rav pas; Rav pas; Bank leumi; Food machine; Ravkav; train,Transportation; Bulgaria July 2025; Summer 2024 8000; Bank Interest & Fees; 🛍️Groceries; Transportation; Transportation,,,ambiguous,
txn_91571dd3dc903d75,2026-02-13,333.94,0.0,"ש.א.שירי בע""מ",שירי,Shiri,🛍️Groceries,Shiri,🛍️Groceries,unique,
txn_f3d5dfdda33098f7,2026-01-01,162.4,0.0,צומת ספרים באר שבע,צומת ספרים,Tsomet Sfarim; Tzomet Sfarim; Tsomet Sfarim; Tzomet Sfarim; Tzomet Sfarim Jerusalem,House and stuff; House and stuff; Birthdays; Gifts; House and stuff,,,ambiguous,
txn_f200d03c5cbb9dd9,2025-06-05,120.9,0.0,טאיו - סופרמרקט אסיאתי (ב,טאיו סופרמרקט אסיאתי,Tayo,🛍️Groceries,Tayo,🛍️Groceries,unique,
txn_2f6543512d819df2,2025-10-17,210.2,0.0,טיב טעם רשתות  באר שבע חד,טיב טעם,Tiv Taam; Tiv Taam; Tiv Taam Karmiel; Tiv Taam,🛍️Groceries; Bat Mitzvah 17000; Summer 2025; Mikael,,,ambiguous,
txn_32246876ffb304dc,2025-11-03,13.0,0.0,"צ'ופצ'יק קפה בע""מ",ופצ יק קפה,Chupchik Coffee,Going out and restaurants,Chupchik Coffee,Going out and restaurants,unique,
txn_a5a409ed404631ad,2025-11-23,210.0,0.0,כיוונים- צהרונים/מעונות/ח | הוראת קבע,כיוונים צהרונים מעונות,Kivunim,Chugim,Kivunim,Chugim,unique,
txn_a18691a15391c1ae,2025-12-21,137.3,0.0,כביש 6 | הוראת קבע,כביש,Kvish 6,Transportation,Kvish 6,Transportation,unique,
txn_59387fca185fefb1,2025-08-21,350.59,0.0,פזYELLOW/ באר שבע צפון,yellow,Yellow; Paz; Gas Food; Gas; Gas; Gas Food; Paz; Paz; Yellow,Gas; Gas; 🛍️Groceries; Gas; Summer 2025; Summer 2025; Bat Mitzvah 17000; Vacation 2024 4000; 🛍️Groceries,,,ambiguous,
txn_67c382978f28569d,2025-08-25,202.33,0.0,קרביץ ישראל,קרביץ ישראל,Kravitz; Kravitz; Campus Food; Kravitz; Kravitz,House and stuff; Opher food; Opher food; University; 🛍️Groceries,,,ambiguous,
txn_e1e6961bc49b86d7,2026-01-22,240.85,0.0,"שרותי בריאות כללית הו""ק | הוראת קבע",כללית,Clalit; Harel insurance; Clalit Mashlima,Medical; Medical; Medical,,,ambiguous,
txn_8043f8e191581491,2025-10-03,370.0,0.0,בן דוד ענת שיננית,בן דוד ענת שיננית,David Anat Hygienist; Hygienist,Medical; Medical,,,ambiguous,
txn_365f8b95288aa154,2025-10-15,20.0,0.0,פינת הקפה,פינת הקפה,Pinat Hakafe; Pinat Hakafe,🛍️Groceries; House and stuff,,,ambiguous,
txn_d9bdebb101b9552e,2025-07-18,164.0,0.0,חומוס אליהו,חומוס אליהו,Humus Eliyahu,🛍️Groceries,Humus Eliyahu,🛍️Groceries,unique,
txn_ee15b17d9cd7ee8a,2025-12-14,583.8,0.0,טבע בריא,טבע בריא,Teva Bari,🛍️Groceries,Teva Bari,🛍️Groceries,unique,
txn_7076399f901295f0,2026-01-23,102.0,0.0,חוות רימון )ע?ר(,חוות רימון,Havat Rimon; Havat Rimon Food,🛍️Groceries; Going out and restaurants,,,ambiguous,
txn_4ae472d3235469ae,2025-09-29,20.0,0.0,פטור והנחה מדמי כרטיס | החזר מדמי כרטיס,פטור והנחה מדמי החזר מדמי,,,,,none,
txn_fabf36748dfaee61,2025-09-03,120.0,0.0,מובי סל גירון-צמרת,מובי סל גירון צמרת,Movi Cell,Danielle,Movi Cell,Danielle,unique,
txn_673315b271372fff,2025-07-07,22.0,0.0,פאפא ג'ונס,פאפא ונס,Papa Johns,Going out and restaurants,Papa Johns,Going out and restaurants,unique,
txn_58ede00bb6b76cfc,2026-01-02,236.62,0.0,"תפוז שרותי תדלוק בע""מ",תפוז שרותי תדלוק,,,,,none,
txn_433b6e4cfd5d43dd,2026-01-19,14.0,0.0,או לה לה,או לה לה,Oh Lala; Oh Lala; Oh la la; Ohlala; Oh la la,Opher food; Going out and restaurants; Opher food; Going out and restaurants; Going out and restaurants,,,ambiguous,
txn_872928688b0c4ed7,2025-06-10,9.0,0.0,עמותת מטפסי תל אביב,עמותת מטפסי,Climbing wall,Chugim,Climbing wall,Chugim,unique,
txn_ed4cb0fa4efa17c2,2025-08-24,192.8,0.0,WOLT,wolt,Wolt,Mikael,Wolt,Mikael,unique,
txn_444ce7c8cd611d63,2025-10-08,12.0,0.0,על הנהר,על הנהר,Al Hanahar,Summer 2025,Al Hanahar,Summer 2025,unique,
txn_df6047208acf0646,2025-07-19,96.0,0.0,ארומה הנשיאים,ארומה,Aroma; Aroma; Aroma Dizengoff Center; Campus Food; Aroma Ashdod; Stopper Locks; Tulitul Bakery,Opher food; Going out and restaurants; Going out and restaurants; Opher food; Going out and restaurants; Unplanned extra expense; Going out and restaurants,,,ambiguous,
txn_3210de566351a969,2025-08-04,100.0,0.0,BIT | למי: מתן דהן,bit,Shira Yahav; Subject payment; Subject; Bit; Bit; Mark driving instructor; Voice lessons; Oded Dog Trainer; Bit; Bit fees; Hava; Lychee; Math tutoring Mikael; Present; Tal Sabach; Yam Guvrin; Yam Guvrin; Adrian Sports Trainer; Asaf Bril; Avishai Gilad; Bake sale; Ben Shofan Trainer; Bialik; Birthday gift; Bit; Bit; Dates; David Broza; Earrings; Efrat Taig; Eilat; Fruits; Gift Mikael teacher; Gift to Sayarut teachers; Gift to teacher; Hadas Yaara Birthday; Harel Aikido; Hava; Hilla; Itai Cohen; Italy Concert; Juggling Jerusalem; Luka food; Maayan Shachar; Malabi; Malka Mayan Ben Ari; Maya Meirav; Maya photographer; Meir Halachmi Woodworking; Merkaz Hahalbasha; Mika Airbnb Yodfat; Mikael; Mikael; Mikael Italy; Mike Feinberg; Music museum Jerusalem; Naama Himob Consult; Nofshon Yiron; Park Hasofrim Market; Pilates marketing; Pizza; Pizza Capoiera; Pizza Hatahana; Rehovot apartment; Roee seminar; Salon Table; Sayarut food; Shai Aikido; Strawberries; Supermarket; Tania Massage; Tunisian sandwhich; Vaad Horim; Vegetables Chen; Yarden Mom; Yehuda Computer repair; Yoga,Chugim parents; University; University; Unexplained expenses; Unplanned extra expense; Mikael teenager 20000; Chugim; Pets; Pilates; Pilates; Loans and transfers; 🛍️Groceries; Chugim; Gifts; Going out and restaurants; Ishai; Yaara; Chugim parents; Going out and restaurants; House and stuff; Pocket money; Chugim parents; Going out and restaurants; Gifts; Bank Interest & Fees; 🛍️Groceries; 🛍️Groceries; Going out and restaurants; Clothing; Danielle; House and stuff; 🛍️Groceries; Gifts; Gifts; Gifts; Gifts; Aikido; Vacation 2024 4000; Clothing; Clothing; Mikael; Summer 2024 8000; Pets; Gifts; Ishai; Investment income and expenses; Summer 2024 8000; Bat Mitzvah 17000; House and stuff; Clothing; Aikido; Mikael; 🛍️Groceries; Mikael; 🛍️Groceries; Summer 2024 8000; Pilates; Summer 2025; Ishai; Pilates; Going out and restaurants; Chugim; Going out and restaurants; Loans and transfers; Aikido; House and stuff; Chugim; Aikido; 🛍️Groceries; Summer 2025; Medical; Going out and restaurants; School 2500 Dec; 🛍️Groceries; Mikael; Unplanned extra expense; Chugim,,,ambiguous,
txn_510be9699e99b999,2025-11-13,30.0,0.0,"העברה ב BIT בנה""פ | למי: אודליה יהודה",bit,Shira Yahav; Subject payment; Subject; Bit; Bit; Mark driving instructor; Voice lessons; Oded Dog Trainer; Bit; Bit fees; Hava; Lychee; Math tutoring Mikael; Present; Tal Sabach; Yam Guvrin; Yam Guvrin; Adrian Sports Trainer; Asaf Bril; Avishai Gilad; Bake sale; Ben Shofan Trainer; Bialik; Birthday gift; Bit; Bit; Dates; David Broza; Earrings; Efrat Taig; Eilat; Fruits; Gift Mikael teacher; Gift to Sayarut teachers; Gift to teacher; Hadas Yaara Birthday; Harel Aikido; Hava; Hilla; Itai Cohen; Italy Concert; Juggling Jerusalem; Luka food; Maayan Shachar; Malabi; Malka Mayan Ben Ari; Maya Meirav; Maya photographer; Meir Halachmi Woodworking; Merkaz Hahalbasha; Mika Airbnb Yodfat; Mikael; Mikael; Mikael Italy; Mike Feinberg; Music museum Jerusalem; Naama Himob Consult; Nofshon Yiron; Park Hasofrim Market; Pilates marketing; Pizza; Pizza Capoiera; Pizza Hatahana; Rehovot apartment; Roee seminar; Salon Table; Sayarut food; Shai Aikido; Strawberries; Supermarket; Tania Massage; Tunisian sandwhich; Vaad Horim; Vegetables Chen; Yarden Mom; Yehuda Computer repair; Yoga,Chugim parents; University; University; Unexplained expenses; Unplanned extra expense; Mikael teenager 20000; Chugim; Pets; Pilates; Pilates; Loans and transfers; 🛍️Groceries; Chugim; Gifts; Going out and restaurants; Ishai; Yaara; Chugim parents; Going out and restaurants; House and stuff; Pocket money; Chugim parents; Going out and restaurants; Gifts; Bank Interest & Fees; 🛍️Groceries; 🛍️Groceries; Going out and restaurants; Clothing; Danielle; House and stuff; 🛍️Groceries; Gifts; Gifts; Gifts; Gifts; Aikido; Vacation 2024 4000; Clothing; Clothing; Mikael; Summer 2024 8000; Pets; Gifts; Ishai; Investment income and expenses; Summer 2024 8000; Bat Mitzvah 17000; House and stuff; Clothing; Aikido; Mikael; 🛍️Groceries; Mikael; 🛍️Groceries; Summer 2024 8000; Pilates; Summer 2025; Ishai; Pilates; Going out and restaurants; Chugim; Going out and restaurants; Loans and transfers; Aikido; House and stuff; Chugim; Aikido; 🛍️Groceries; Summer 2025; Medical; Going out and restaurants; School 2500 Dec; 🛍️Groceries; Mikael; Unplanned extra expense; Chugim,,,ambiguous,
txn_80540a48e82f7552,2026-01-16,1022.91,0.0,סאלח דבאח ובניו בעמ,סאלח דבאח ובניו,Dabbah; Dabah; Dabah; Dabbah,🛍️Groceries; 🛍️Groceries; Gifts; Mikael,,,ambiguous,
txn_e17032ab273be776,2025-07-16,28.4,0.0,פינת האופה רמות,פינת האופה רמות,Pinat Haofe,Going out and restaurants,Pinat Haofe,Going out and restaurants,unique,
txn_2515604fddd1df38,2026-02-10,17.0,0.0,איבנטבאז כרטיסים לאירועים,איבנטבאז לאירועים,,,,,none,
txn_a5c9083e41aef10a,2026-01-19,104.0,0.0,בריאותא | ביטול עסקה,בריאותא ביטול,,,,,none,
txn_3a47c924adca4ac9,2025-09-11,345.48,0.0,פז YELLOW אצטדיון באר שבע,yellow,Yellow; Paz; Gas Food; Gas; Gas; Gas Food; Paz; Paz; Yellow,Gas; Gas; 🛍️Groceries; Gas; Summer 2025; Summer 2025; Bat Mitzvah 17000; Vacation 2024 4000; 🛍️Groceries,,,ambiguous,
txn_930994cb634f777a,2025-09-25,13.0,0.0,ROASTERS,roasters,Roasters; Roasters; Roasters; Food machine; Roasters,Going out and restaurants; Opher food; 🛍️Groceries; 🛍️Groceries; House and stuff,,,ambiguous,
txn_971101b752f52bb6,2025-07-18,58.0,0.0,"קרדינל אלי טראב בע""מ",קרדינל אלי טראב,Cardinal,🛍️Groceries,Cardinal,🛍️Groceries,unique,
txn_2fc9668d5fd3a87d,2025-09-06,4.0,0.0,מ.תחבורה- רב-פס,תחבורה רב פס,Rav pas; Rav pas; Rav pas; Bank leumi; Food machine; Ravkav; train,Transportation; Bulgaria July 2025; Summer 2024 8000; Bank Interest & Fees; 🛍️Groceries; Transportation; Transportation,,,ambiguous,
txn_4aa849b1fe37f3e4,2025-10-22,122.0,0.0,נאדי בתי קפה,נאדי בתי קפה,Nadi Coffehouse Jeursalem,Going out and restaurants,Nadi Coffehouse Jeursalem,Going out and restaurants,unique,
txn_1ae61b39fc22cb82,2025-06-25,14.0,0.0,מאפיית הראשונים רמות,מאפיית הראשונים רמות,MAafiya harishonim,🛍️Groceries,MAafiya harishonim,🛍️Groceries,unique,
txn_0bc3dde155b5b211,2025-09-08,4.0,0.0,מ.תחבורה- רב-פס,תחבורה רב פס,Rav pas; Rav pas; Rav pas; Bank leumi; Food machine; Ravkav; train,Transportation; Bulgaria July 2025; Summer 2024 8000; Bank Interest & Fees; 🛍️Groceries; Transportation; Transportation,,,ambiguous,
txn_6c7822925c9edd68,2025-08-21,172.78,0.0,"ש.א.שירי בע""מ",שירי,Shiri,🛍️Groceries,Shiri,🛍️Groceries,unique,
txn_ec0bfd6c85742e01,2025-09-07,170.18,0.0,דיל הר בוקר,שופרסל,Supersal; Supersal Deal,🛍️Groceries; 🛍️Groceries,,,ambiguous,
txn_7a3701cabbed4cc2,2025-11-15,13.5,0.0,מ.תחבורה רב- פס | הוראת קבע,תחבורה רב פס,Rav pas; Rav pas; Rav pas; Bank leumi; Food machine; Ravkav; train,Transportation; Bulgaria July 2025; Summer 2024 8000; Bank Interest & Fees; 🛍️Groceries; Transportation; Transportation,,,ambiguous,
txn_b746b5b5ceab27c8,2025-12-20,21.99,0.0,מגדל חיים/בריאות | הוראת קבע,מגדל חיים בריאות,,,,,none,
txn_83d2e72e513bb235,2025-07-05,186.0,0.0,דקטלון יישראל בעמ,decathlon,Decathlon; Decathlon; Decathalon; Decathlon; Decathlon; Isshin Aikido,House and stuff; Bulgaria July 2025; Clothing; Clothing; Opher food; Aikido,,,ambiguous,
txn_656fa7b05abff51c,2025-10-06,571.82,0.0,טיב טעם רשתות כרמיאל,טיב טעם,Tiv Taam; Tiv Taam; Tiv Taam Karmiel; Tiv Taam,🛍️Groceries; Bat Mitzvah 17000; Summer 2025; Mikael,,,ambiguous,
txn_25439e5dd4c7026b,2025-10-03,29.52,0.0,סופר אלונית -אלון דבירה,אלונית,Gas Food; Alonit; Alonit; Alonit; Gas Food,🛍️Groceries; Opher food; Going out and restaurants; Vacation 2024 4000; Opher food,,,ambiguous,
txn_c670b81c99931467,2025-11-20,246.72,0.0,מגדל חיים/בריאות | הוראת קבע,מגדל חיים בריאות,,,,,none,
txn_696168c03b9ffe44,2025-09-12,11.0,0.0,וילנד קפה,וילנד קפה,Wyland Cafe,Going out and restaurants,Wyland Cafe,Going out and restaurants,unique,
txn_b589b6420fede04b,2025-08-08,139.0,0.0,"העברה ב BIT בנה""פ | למי: שירי עשת",bit,Shira Yahav; Subject payment; Subject; Bit; Bit; Mark driving instructor; Voice lessons; Oded Dog Trainer; Bit; Bit fees; Hava; Lychee; Math tutoring Mikael; Present; Tal Sabach; Yam Guvrin; Yam Guvrin; Adrian Sports Trainer; Asaf Bril; Avishai Gilad; Bake sale; Ben Shofan Trainer; Bialik; Birthday gift; Bit; Bit; Dates; David Broza; Earrings; Efrat Taig; Eilat; Fruits; Gift Mikael teacher; Gift to Sayarut teachers; Gift to teacher; Hadas Yaara Birthday; Harel Aikido; Hava; Hilla; Itai Cohen; Italy Concert; Juggling Jerusalem; Luka food; Maayan Shachar; Malabi; Malka Mayan Ben Ari; Maya Meirav; Maya photographer; Meir Halachmi Woodworking; Merkaz Hahalbasha; Mika Airbnb Yodfat; Mikael; Mikael; Mikael Italy; Mike Feinberg; Music museum Jerusalem; Naama Himob Consult; Nofshon Yiron; Park Hasofrim Market; Pilates marketing; Pizza; Pizza Capoiera; Pizza Hatahana; Rehovot apartment; Roee seminar; Salon Table; Sayarut food; Shai Aikido; Strawberries; Supermarket; Tania Massage; Tunisian sandwhich; Vaad Horim; Vegetables Chen; Yarden Mom; Yehuda Computer repair; Yoga,Chugim parents; University; University; Unexplained expenses; Unplanned extra expense; Mikael teenager 20000; Chugim; Pets; Pilates; Pilates; Loans and transfers; 🛍️Groceries; Chugim; Gifts; Going out and restaurants; Ishai; Yaara; Chugim parents; Going out and restaurants; House and stuff; Pocket money; Chugim parents; Going out and restaurants; Gifts; Bank Interest & Fees; 🛍️Groceries; 🛍️Groceries; Going out and restaurants; Clothing; Danielle; House and stuff; 🛍️Groceries; Gifts; Gifts; Gifts; Gifts; Aikido; Vacation 2024 4000; Clothing; Clothing; Mikael; Summer 2024 8000; Pets; Gifts; Ishai; Investment income and expenses; Summer 2024 8000; Bat Mitzvah 17000; House and stuff; Clothing; Aikido; Mikael; 🛍️Groceries; Mikael; 🛍️Groceries; Summer 2024 8000; Pilates; Summer 2025; Ishai; Pilates; Going out and restaurants; Chugim; Going out and restaurants; Loans and transfers; Aikido; House and stuff; Chugim; Aikido; 🛍️Groceries; Summer 2025; Medical; Going out and restaurants; School 2500 Dec; 🛍️Groceries; Mikael; Unplanned extra expense; Chugim,,,ambiguous,
txn_1e8e72cd220599bd,2025-12-09,47.0,0.0,מ.תחבורה- רב-פס,תחבורה רב פס,Rav pas; Rav pas; Rav pas; Bank leumi; Food machine; Ravkav; train,Transportation; Bulgaria July 2025; Summer 2024 8000; Bank Interest & Fees; 🛍️Groceries; Transportation; Transportation,,,ambiguous,
txn_6230f4ed3f2cadfd,2026-01-21,117.74,0.0,כביש 6 | הוראת קבע,כביש,Kvish 6,Transportation,Kvish 6,Transportation,unique,
txn_50582e12f8a93b99,2026-02-13,470.0,0.0,המוסד לביטוח לאומי - חשבו | הוראת קבע,המוסד לביטוח לאומי,Bituach Leumi; Bituach Leumi,Pilates; Unplanned extra expense,,,ambiguous,
txn_6da862340f7b3672,2025-12-29,112.0,0.0,המקסיקני אוניברסיטת בן גו,המקסיקני אוניברסיטת בן גו,Campus Food; Mexicani,Opher food; Going out and restaurants,,,ambiguous,
txn_e968a78d9cc9f64a,2025-09-13,31.0,0.0,"י.מ גולדה בע""מ",גולדה,Golda; Golda Ice cream; Golda Ice cream; Golda; Golda Ice cream; Golda Tel Aviv,Going out and restaurants; Going out and restaurants; 🛍️Groceries; 🛍️Groceries; Bat Mitzvah 17000; Going out and restaurants,,,ambiguous,
txn_856bf5554c0f3f34,2025-07-27,105.6,0.0,CELLO,cello,Cello park,Transportation,Cello park,Transportation,unique,
txn_6b5abb93060fdd29,2026-01-08,150.0,0.0,שבע עיניים בנגב,עיניים בנגב,,,,,none,
txn_fd0e528a7376f143,2025-09-22,116.0,0.0,קפה גרג סניף באקה אל גרבי,קפה גרג באקה אל גרבי,Greg,Going out and restaurants,Greg,Going out and restaurants,unique,
txn_fae4e09e6a9a95d5,2025-09-27,8.0,0.0,מ.תחבורה- רב-פס,תחבורה רב פס,Rav pas; Rav pas; Rav pas; Bank leumi; Food machine; Ravkav; train,Transportation; Bulgaria July 2025; Summer 2024 8000; Bank Interest & Fees; 🛍️Groceries; Transportation; Transportation,,,ambiguous,
txn_ad4efbeb8d5c13e7,2025-11-06,2419.0,0.0,"בה""ס דגניה",בה דגניה,,,,,none,
txn_1fb089d9cb898138,2025-10-28,75.9,0.0,מינימרקט נאור,מינימרקט נאור,minimarket Naor,🛍️Groceries,minimarket Naor,🛍️Groceries,unique,
txn_d4d1e6b0e67e14e9,2025-10-24,210.6,0.0,טאיו - סופרמרקט אסיאתי (ב,טאיו סופרמרקט אסיאתי,Tayo,🛍️Groceries,Tayo,🛍️Groceries,unique,
txn_b33f6d8c2a3ff948,2025-06-25,526.05,0.0,"שופרסל דיל רמות ב""ש",שופרסל,Supersal; Supersal Deal,🛍️Groceries; 🛍️Groceries,,,ambiguous,
txn_392e5457fac3d2d0,2025-12-23,240.85,0.0,"שרותי בריאות כללית הו""ק | הוראת קבע",כללית,Clalit; Harel insurance; Clalit Mashlima,Medical; Medical; Medical,,,ambiguous,
txn_8d39fe7ccddade33,2025-12-31,321.0,0.0,הזמנה משלוח אוכל,הזמנה משלוח אוכל,Food order,Going out and restaurants,Food order,Going out and restaurants,unique,
txn_7788ef66720ad28d,2025-07-04,260.4,0.0,פזYELLOW/  שואבה,yellow,Yellow; Paz; Gas Food; Gas; Gas; Gas Food; Paz; Paz; Yellow,Gas; Gas; 🛍️Groceries; Gas; Summer 2025; Summer 2025; Bat Mitzvah 17000; Vacation 2024 4000; 🛍️Groceries,,,ambiguous,
txn_85bba51df2e851d1,2025-06-14,22.9,0.0,"מיני שני - בזל בע""מ",מיני שני בזל,Mini Shani,🛍️Groceries,Mini Shani,🛍️Groceries,unique,
txn_9de54042c3918b3c,2026-02-02,390.0,0.0,אדריאן דדון | הוראת קבע,אדריאן דדון,Adrian Sports Trainer; Adrian Sports Trainer,Chugim parents; Chugim,,,ambiguous,
txn_b1f89ce7aa6a4fa4,2025-10-23,50.3,0.0,סופר פארם מצדה באר שבע,סופרפארם,Superpharm; Superpharm; Superfarm; Superpharm; Superpharm,House and stuff; Medical; Medical; Birthdays; Opher food,,,ambiguous,
txn_a5c9083e41aef10a,2026-01-19,104.0,0.0,בריאותא | ביטול עסקה,בריאותא ביטול,,,,,none,
txn_a45b94ffa4b93318,2026-01-05,27.8,0.0,אלונית בית יהושוע,אלונית,Gas Food; Alonit; Alonit; Alonit; Gas Food,🛍️Groceries; Opher food; Going out and restaurants; Vacation 2024 4000; Opher food,,,ambiguous,
txn_e0f69838e7bf78a4,2025-08-26,18.0,0.0,ROASTERS,roasters,Roasters; Roasters; Roasters; Food machine; Roasters,Going out and restaurants; Opher food; 🛍️Groceries; 🛍️Groceries; House and stuff,,,ambiguous,
txn_74b101adccbc660f,2026-02-13,249.86,0.0,באשר פרומז'רי באר שבע,באשר פרומז רי,Basher; Basher,🛍️Groceries; Birthdays,,,ambiguous,
txn_308ecc1a26198720,2025-12-12,21.9,0.0,פז YELLOW קיבוץ גלויות,yellow,Yellow; Paz; Gas Food; Gas; Gas; Gas Food; Paz; Paz; Yellow,Gas; Gas; 🛍️Groceries; Gas; Summer 2025; Summer 2025; Bat Mitzvah 17000; Vacation 2024 4000; 🛍️Groceries,,,ambiguous,
txn_d6dea333e5ea2b31,2025-09-16,179.05,0.0,NEXT TV BY HOT | הוראת קבע,hot,HOT,Internet,HOT,Internet,unique,
txn_d88e76e131eca9f1,2025-10-17,393.79,0.0,"ש.א.שירי בע""מ",שירי,Shiri,🛍️Groceries,Shiri,🛍️Groceries,unique,
txn_e0470f95fc0ba83c,2025-11-18,358.24,0.0,דלתא,דלתא,Delta; Delta; Delta,Clothing; Birthdays; House and stuff,,,ambiguous,
txn_1f107b148dadcae7,2025-10-17,299.0,0.0,הירקניה שלי,הירקניה שלי,Vegetable Sheli; The yarkanya; Beit Hapaham,🛍️Groceries; 🛍️Groceries; 🛍️Groceries,,,ambiguous,
txn_ff2831e9f501e5d7,2025-08-31,45.6,0.0,מאפית אורן משי באר שבע,מאפית אורן משי,Oren Meshi Bakery; Train food; Oren Meshi Bakery; Oren Meshi Bakery; Oren Meshi Bakery,🛍️Groceries; Going out and restaurants; Bat Mitzvah 17000; Opher food; Summer 2025,,,ambiguous,
txn_e3c5cd0d5f215286,2025-10-25,63.0,0.0,מ.תחבורה רב- פס | הוראת קבע,תחבורה רב פס,Rav pas; Rav pas; Rav pas; Bank leumi; Food machine; Ravkav; train,Transportation; Bulgaria July 2025; Summer 2024 8000; Bank Interest & Fees; 🛍️Groceries; Transportation; Transportation,,,ambiguous,
txn_d7558bbc55cff73d,2025-12-05,9.0,0.0,סאלח דבאח ובניו בעמ,סאלח דבאח ובניו,Dabbah; Dabah; Dabah; Dabbah,🛍️Groceries; 🛍️Groceries; Gifts; Mikael,,,ambiguous,
txn_c8a484438658dbe5,2025-12-29,17.0,0.0,בן וקנין,בן וקנין,,,,,none,
txn_5298ea94dfe43295,2025-06-16,45.0,0.0,מאפיתת אורן משי באר שבע,מאפית אורן משי,Oren Meshi Bakery; Train food; Oren Meshi Bakery; Oren Meshi Bakery; Oren Meshi Bakery,🛍️Groceries; Going out and restaurants; Bat Mitzvah 17000; Opher food; Summer 2025,,,ambiguous,
txn_22c590a739427249,2025-06-21,47.7,0.0,מגדל חיים/בריאות | הוראת קבע,מגדל חיים בריאות,,,,,none,
txn_0669b83cd8e72e5f,2025-12-24,59.6,0.0,משתלת כדורי,משתלת כדורי,Kaduri farms,House and stuff,Kaduri farms,House and stuff,unique,
txn_4377b58bd06dda8d,2025-10-20,299.0,0.0,מגה פט בעמ,מגה פט,Megapet,Pets,Megapet,Pets,unique,
txn_5e631325b126fcf1,2025-08-27,27.39,0.0,CELLO,cello,Cello park,Transportation,Cello park,Transportation,unique,
txn_bc4644f97bdade4e,2025-10-26,38.08,0.0,רשת 7 בעיר,רשת בעיר,,,,,none,
txn_9100e2b5acb92c6d,2025-11-12,650.39,0.0,מחסני השוק האורגים ח',מחסני השוק,Machsenei Hashuk; Mahhsaney Hashuk; Machsenei Hashuk; Machsenei Hashuk,🛍️Groceries; 🛍️Groceries; Bat Mitzvah 17000; Loans and transfers,,,ambiguous,
txn_3f6da93ee4e1b7ab,2026-01-21,21.95,0.0,מאפית אורן משי באר שבע,מאפית אורן משי,Oren Meshi Bakery; Train food; Oren Meshi Bakery; Oren Meshi Bakery; Oren Meshi Bakery,🛍️Groceries; Going out and restaurants; Bat Mitzvah 17000; Opher food; Summer 2025,,,ambiguous,
txn_d213b5f65c0da532,2026-01-09,89.0,0.0,דקטלון יישראל בעמ,decathlon,Decathlon; Decathlon; Decathalon; Decathlon; Decathlon; Isshin Aikido,House and stuff; Bulgaria July 2025; Clothing; Clothing; Opher food; Aikido,,,ambiguous,
txn_628396b98c37eb19,2025-12-07,100.0,0.0,BIT | למי: נעמה לבון,bit,Shira Yahav; Subject payment; Subject; Bit; Bit; Mark driving instructor; Voice lessons; Oded Dog Trainer; Bit; Bit fees; Hava; Lychee; Math tutoring Mikael; Present; Tal Sabach; Yam Guvrin; Yam Guvrin; Adrian Sports Trainer; Asaf Bril; Avishai Gilad; Bake sale; Ben Shofan Trainer; Bialik; Birthday gift; Bit; Bit; Dates; David Broza; Earrings; Efrat Taig; Eilat; Fruits; Gift Mikael teacher; Gift to Sayarut teachers; Gift to teacher; Hadas Yaara Birthday; Harel Aikido; Hava; Hilla; Itai Cohen; Italy Concert; Juggling Jerusalem; Luka food; Maayan Shachar; Malabi; Malka Mayan Ben Ari; Maya Meirav; Maya photographer; Meir Halachmi Woodworking; Merkaz Hahalbasha; Mika Airbnb Yodfat; Mikael; Mikael; Mikael Italy; Mike Feinberg; Music museum Jerusalem; Naama Himob Consult; Nofshon Yiron; Park Hasofrim Market; Pilates marketing; Pizza; Pizza Capoiera; Pizza Hatahana; Rehovot apartment; Roee seminar; Salon Table; Sayarut food; Shai Aikido; Strawberries; Supermarket; Tania Massage; Tunisian sandwhich; Vaad Horim; Vegetables Chen; Yarden Mom; Yehuda Computer repair; Yoga,Chugim parents; University; University; Unexplained expenses; Unplanned extra expense; Mikael teenager 20000; Chugim; Pets; Pilates; Pilates; Loans and transfers; 🛍️Groceries; Chugim; Gifts; Going out and restaurants; Ishai; Yaara; Chugim parents; Going out and restaurants; House and stuff; Pocket money; Chugim parents; Going out and restaurants; Gifts; Bank Interest & Fees; 🛍️Groceries; 🛍️Groceries; Going out and restaurants; Clothing; Danielle; House and stuff; 🛍️Groceries; Gifts; Gifts; Gifts; Gifts; Aikido; Vacation 2024 4000; Clothing; Clothing; Mikael; Summer 2024 8000; Pets; Gifts; Ishai; Investment income and expenses; Summer 2024 8000; Bat Mitzvah 17000; House and stuff; Clothing; Aikido; Mikael; 🛍️Groceries; Mikael; 🛍️Groceries; Summer 2024 8000; Pilates; Summer 2025; Ishai; Pilates; Going out and restaurants; Chugim; Going out and restaurants; Loans and transfers; Aikido; House and stuff; Chugim; Aikido; 🛍️Groceries; Summer 2025; Medical; Going out and restaurants; School 2500 Dec; 🛍️Groceries; Mikael; Unplanned extra expense; Chugim,,,ambiguous,
txn_45fc47a5a62f89a1,2026-01-31,47.8,0.0,אלונית - נען מערב,אלונית,Gas Food; Alonit; Alonit; Alonit; Gas Food,🛍️Groceries; Opher food; Going out and restaurants; Vacation 2024 4000; Opher food,,,ambiguous,
txn_ead5302d52c4e7af,2025-06-16,481.7,0.0,מגה פט בעמ,מגה פט,Megapet,Pets,Megapet,Pets,unique,
txn_d6786e5d1ec72564,2025-11-26,12.0,0.0,טוליטול בית מאפה וקפה,טוליטול בית מאפה וקפה,Tulitul Bakery; Aroma; Food machine; Goomba,Going out and restaurants; Opher food; 🛍️Groceries; Going out and restaurants,,,ambiguous,
txn_db5eba460efbfcb4,2025-10-21,215.59,0.0,מגדל חיים/בריאות | הוראת קבע,מגדל חיים בריאות,,,,,none,
txn_ec5351f296a96efa,2025-08-06,35.8,0.0,"מגה בעיר קניון אביה ב""ש",מגה בעיר אביה,Carrefour; Mega,🛍️Groceries; 🛍️Groceries,,,ambiguous,
txn_25669e63f9c16f4b,2025-07-20,27.0,0.0,רכבת ישראל-בנימינה,רכבת ישראל,train; train; Rav pas; train,Transportation; Bulgaria July 2025; Transportation; Birthdays,,,ambiguous,
txn_097139b7d116a494,2026-01-08,100.0,0.0,BIT | למי: שירי סימה,bit,Shira Yahav; Subject payment; Subject; Bit; Bit; Mark driving instructor; Voice lessons; Oded Dog Trainer; Bit; Bit fees; Hava; Lychee; Math tutoring Mikael; Present; Tal Sabach; Yam Guvrin; Yam Guvrin; Adrian Sports Trainer; Asaf Bril; Avishai Gilad; Bake sale; Ben Shofan Trainer; Bialik; Birthday gift; Bit; Bit; Dates; David Broza; Earrings; Efrat Taig; Eilat; Fruits; Gift Mikael teacher; Gift to Sayarut teachers; Gift to teacher; Hadas Yaara Birthday; Harel Aikido; Hava; Hilla; Itai Cohen; Italy Concert; Juggling Jerusalem; Luka food; Maayan Shachar; Malabi; Malka Mayan Ben Ari; Maya Meirav; Maya photographer; Meir Halachmi Woodworking; Merkaz Hahalbasha; Mika Airbnb Yodfat; Mikael; Mikael; Mikael Italy; Mike Feinberg; Music museum Jerusalem; Naama Himob Consult; Nofshon Yiron; Park Hasofrim Market; Pilates marketing; Pizza; Pizza Capoiera; Pizza Hatahana; Rehovot apartment; Roee seminar; Salon Table; Sayarut food; Shai Aikido; Strawberries; Supermarket; Tania Massage; Tunisian sandwhich; Vaad Horim; Vegetables Chen; Yarden Mom; Yehuda Computer repair; Yoga,Chugim parents; University; University; Unexplained expenses; Unplanned extra expense; Mikael teenager 20000; Chugim; Pets; Pilates; Pilates; Loans and transfers; 🛍️Groceries; Chugim; Gifts; Going out and restaurants; Ishai; Yaara; Chugim parents; Going out and restaurants; House and stuff; Pocket money; Chugim parents; Going out and restaurants; Gifts; Bank Interest & Fees; 🛍️Groceries; 🛍️Groceries; Going out and restaurants; Clothing; Danielle; House and stuff; 🛍️Groceries; Gifts; Gifts; Gifts; Gifts; Aikido; Vacation 2024 4000; Clothing; Clothing; Mikael; Summer 2024 8000; Pets; Gifts; Ishai; Investment income and expenses; Summer 2024 8000; Bat Mitzvah 17000; House and stuff; Clothing; Aikido; Mikael; 🛍️Groceries; Mikael; 🛍️Groceries; Summer 2024 8000; Pilates; Summer 2025; Ishai; Pilates; Going out and restaurants; Chugim; Going out and restaurants; Loans and transfers; Aikido; House and stuff; Chugim; Aikido; 🛍️Groceries; Summer 2025; Medical; Going out and restaurants; School 2500 Dec; 🛍️Groceries; Mikael; Unplanned extra expense; Chugim,,,ambiguous,
txn_f46c435608127a26,2025-08-15,167.97,0.0,"ש.א.שירי בע""מ",שירי,Shiri,🛍️Groceries,Shiri,🛍️Groceries,unique,
txn_729dbd91ae2b6311,2025-07-19,32.0,0.0,ROASTERS,roasters,Roasters; Roasters; Roasters; Food machine; Roasters,Going out and restaurants; Opher food; 🛍️Groceries; 🛍️Groceries; House and stuff,,,ambiguous,
txn_f3f50212d82558a1,2026-01-07,220.0,0.0,הירקניה שלי,הירקניה שלי,Vegetable Sheli; The yarkanya; Beit Hapaham,🛍️Groceries; 🛍️Groceries; 🛍️Groceries,,,ambiguous,
txn_dae00faafda59ea2,2026-01-25,94.0,0.0,מ.תחבורה רב- פס | הוראת קבע,תחבורה רב פס,Rav pas; Rav pas; Rav pas; Bank leumi; Food machine; Ravkav; train,Transportation; Bulgaria July 2025; Summer 2024 8000; Bank Interest & Fees; 🛍️Groceries; Transportation; Transportation,,,ambiguous,
txn_2878223feddb9d95,2025-06-30,20.0,0.0,דמי כרטיס,דמי,,,,,none,
txn_753a422f5699a6b1,2026-01-28,55.0,0.0,"מגה פט בע""מ",מגה פט,Megapet,Pets,Megapet,Pets,unique,
txn_49c4bca094c56428,2025-11-25,47.0,0.0,מ.תחבורה- רב-פס,תחבורה רב פס,Rav pas; Rav pas; Rav pas; Bank leumi; Food machine; Ravkav; train,Transportation; Bulgaria July 2025; Summer 2024 8000; Bank Interest & Fees; 🛍️Groceries; Transportation; Transportation,,,ambiguous,
txn_9523b48d868fe3d4,2025-07-05,666.2,0.0,שבילים באר שבע,שבילים,Shvilim Beer sheva; Shvilim outlet,Bulgaria July 2025; Clothing,,,ambiguous,
txn_f92ef9765fa2b238,2026-01-05,206.76,0.0,סופר פארם מצדה באר שבע,סופרפארם,Superpharm; Superpharm; Superfarm; Superpharm; Superpharm,House and stuff; Medical; Medical; Birthdays; Opher food,,,ambiguous,
txn_bc5e5fb530f62f28,2025-08-18,30.0,0.0,מאפית אורן משי באר שבע,מאפית אורן משי,Oren Meshi Bakery; Train food; Oren Meshi Bakery; Oren Meshi Bakery; Oren Meshi Bakery,🛍️Groceries; Going out and restaurants; Bat Mitzvah 17000; Opher food; Summer 2025,,,ambiguous,
txn_a6ba59e21fb016e6,2026-01-07,12.0,0.0,טוליטול בית מאפה וקפה,טוליטול בית מאפה וקפה,Tulitul Bakery; Aroma; Food machine; Goomba,Going out and restaurants; Opher food; 🛍️Groceries; Going out and restaurants,,,ambiguous,
txn_fb9425f9bf2f0cfe,2026-01-14,12.0,0.0,ROASTERS,roasters,Roasters; Roasters; Roasters; Food machine; Roasters,Going out and restaurants; Opher food; 🛍️Groceries; 🛍️Groceries; House and stuff,,,ambiguous,
txn_d221369e8b98c374,2026-01-27,72.0,0.0,מאפית אורן משי באר שבע,מאפית אורן משי,Oren Meshi Bakery; Train food; Oren Meshi Bakery; Oren Meshi Bakery; Oren Meshi Bakery,🛍️Groceries; Going out and restaurants; Bat Mitzvah 17000; Opher food; Summer 2025,,,ambiguous,
txn_80f420450707c78d,2025-10-30,4.0,0.0,מ.תחבורה- רב-פס,תחבורה רב פס,Rav pas; Rav pas; Rav pas; Bank leumi; Food machine; Ravkav; train,Transportation; Bulgaria July 2025; Summer 2024 8000; Bank Interest & Fees; 🛍️Groceries; Transportation; Transportation,,,ambiguous,
txn_73f75503da6137fe,2025-08-15,13.5,0.0,מ.תחבורה- רב-פס,תחבורה רב פס,Rav pas; Rav pas; Rav pas; Bank leumi; Food machine; Ravkav; train,Transportation; Bulgaria July 2025; Summer 2024 8000; Bank Interest & Fees; 🛍️Groceries; Transportation; Transportation,,,ambiguous,
txn_2825c09aecbeb0f5,2025-12-30,162.58,0.0,"ש.א.שירי בע""מ",שירי,Shiri,🛍️Groceries,Shiri,🛍️Groceries,unique,
txn_6b2e129cdda9f34e,2025-11-11,240.0,0.0,הירקניה שלי,הירקניה שלי,Vegetable Sheli; The yarkanya; Beit Hapaham,🛍️Groceries; 🛍️Groceries; 🛍️Groceries,,,ambiguous,
txn_aa791c824f695525,2025-10-21,24.46,0.0,מגדל חיים/בריאות | הוראת קבע,מגדל חיים בריאות,,,,,none,
txn_64b798f13c96f0c6,2025-08-20,24.7,0.0,מגדל חיים/בריאות | הוראת קבע,מגדל חיים בריאות,,,,,none,
txn_7b47848d49e2a3aa,2025-11-23,36.0,0.0,פינת האופה רמות,פינת האופה רמות,Pinat Haofe,Going out and restaurants,Pinat Haofe,Going out and restaurants,unique,
txn_25bbaca6d0ca33b1,2025-11-11,77.01,0.0,"ש.א.שירי בע""מ",שירי,Shiri,🛍️Groceries,Shiri,🛍️Groceries,unique,
txn_e20e94ec04d71dfc,2025-07-12,12.0,0.0,קופר ופאקו שדרות יהודית,קופר ופאקו שדרות יהודית,Cooper and Pako Tel Aviv; Kooper and Pako Tel Aviv,Going out and restaurants; Going out and restaurants,,,ambiguous,
txn_693fdf38ea17c279,2025-12-02,7.0,0.0,סברס באר שבע בניין 30,סברס בניין,Campus Food,Opher food,Campus Food,Opher food,unique,
txn_61021ce370a8723d,2025-11-20,245.5,0.0,"HOT MOBILE הו""ק | הוראת קבע",hot,HOT,Internet,HOT,Internet,unique,
txn_95e25e316244f26c,2025-12-18,8.0,0.0,מ.א מכונות אוטומטיות,מכונות אוטומטיות,Food machine; Train food; Goomba; Rav pas; Roasters; Train food; Tulitul Bakery,🛍️Groceries; 🛍️Groceries; Going out and restaurants; Transportation; Opher food; Opher food; Going out and restaurants,,,ambiguous,
txn_0ff1c562452e0bc8,2025-06-23,69.14,0.0,כללית מרכז הילד באר שבע,כללית,Clalit; Harel insurance; Clalit Mashlima,Medical; Medical; Medical,,,ambiguous,
txn_6bfc46a9c008bf42,2025-10-08,114.0,0.0,ניבי פארם,ניבי פארם,Nivi Pharm,Medical,Nivi Pharm,Medical,unique,
txn_83bf3d47091452f5,2026-02-10,244.54,0.0,פז YELLOW אצטדיון באר שבע,yellow,Yellow; Paz; Gas Food; Gas; Gas; Gas Food; Paz; Paz; Yellow,Gas; Gas; 🛍️Groceries; Gas; Summer 2025; Summer 2025; Bat Mitzvah 17000; Vacation 2024 4000; 🛍️Groceries,,,ambiguous,
txn_f7015a8588322d0b,2025-11-17,314.0,0.0,אדריאן דדון | הוראת קבע,אדריאן דדון,Adrian Sports Trainer; Adrian Sports Trainer,Chugim parents; Chugim,,,ambiguous,
txn_788aa2ec354a1dc7,2025-12-06,21.0,0.0,"י.מ גולדה בע""מ",גולדה,Golda; Golda Ice cream; Golda Ice cream; Golda; Golda Ice cream; Golda Tel Aviv,Going out and restaurants; Going out and restaurants; 🛍️Groceries; 🛍️Groceries; Bat Mitzvah 17000; Going out and restaurants,,,ambiguous,
